{
 "parent": "item/generated",
 "textures": {
  "layer0": "item/stick"
 },
 
  "number_to_npc_skin":{
	  " ": "default",
	  "1": "derpa",
	  "2": "gloob", 
	  "3": "guard",
	  "4": "bald_peasant",
	  "5": "green_peasant", 
	  "6": "woman_peasant", 
	  "7": "2woman_peasant",
	  "99": "none"
  },

 "overrides": [   
  { "predicate": {"custom_model_data":1}, "model": "item/part/default/head"},
  { "predicate": {"custom_model_data":2}, "model": "item/part/default/l_arm"},
  { "predicate": {"custom_model_data":3}, "model": "item/part/default/r_arm"},
  { "predicate": {"custom_model_data":20}, "model": "item/part/default/sl_arm"},
  { "predicate": {"custom_model_data":30}, "model": "item/part/default/sr_arm"},
  { "predicate": {"custom_model_data":4}, "model": "item/part/default/body_legs"},
  { "predicate": {"custom_model_data":5}, "model": "item/part/default/body_legs_cape"},
  
  { "predicate": {"custom_model_data":11}, "model": "item/part/derpa/head"},
  { "predicate": {"custom_model_data":12}, "model": "item/part/derpa/l_arm"},
  { "predicate": {"custom_model_data":13}, "model": "item/part/derpa/r_arm"},
  { "predicate": {"custom_model_data":14}, "model": "item/part/derpa/body_legs"},
  { "predicate": {"custom_model_data":15}, "model": "item/part/derpa/body_legs_cape"},
  
  { "predicate": {"custom_model_data":21}, "model": "item/part/gloob/head"},
  { "predicate": {"custom_model_data":22}, "model": "item/part/gloob/l_arm"},
  { "predicate": {"custom_model_data":23}, "model": "item/part/gloob/r_arm"},
  { "predicate": {"custom_model_data":24}, "model": "item/part/gloob/body_legs"},

  { "predicate": {"custom_model_data":31}, "model": "item/part/guard/head"},
  { "predicate": {"custom_model_data":32}, "model": "item/part/guard/l_arm"},
  { "predicate": {"custom_model_data":33}, "model": "item/part/guard/r_arm"},
  { "predicate": {"custom_model_data":34}, "model": "item/part/guard/body_legs"},
  { "predicate": {"custom_model_data":35}, "model": "item/part/guard/body_legs_cape"},
  
  { "predicate": {"custom_model_data":41}, "model": "item/part/man_peasant/head"},
  { "predicate": {"custom_model_data":42}, "model": "item/part/man_peasant/l_arm"},
  { "predicate": {"custom_model_data":43}, "model": "item/part/man_peasant/r_arm"},
  { "predicate": {"custom_model_data":44}, "model": "item/part/man_peasant/body_legs"},
  
  { "predicate": {"custom_model_data":51}, "model": "item/part/man2_peasant/head"},
  { "predicate": {"custom_model_data":52}, "model": "item/part/man2_peasant/l_arm"},
  { "predicate": {"custom_model_data":53}, "model": "item/part/man2_peasant/r_arm"},
  { "predicate": {"custom_model_data":54}, "model": "item/part/man2_peasant/body_legs"},
  
  { "predicate": {"custom_model_data":61}, "model": "item/part/woman_peasant/head"},
  { "predicate": {"custom_model_data":62}, "model": "item/part/woman_peasant/l_arm"},
  { "predicate": {"custom_model_data":63}, "model": "item/part/woman_peasant/r_arm"},
  { "predicate": {"custom_model_data":64}, "model": "item/part/woman_peasant/body_legs"},
  
  { "predicate": {"custom_model_data":71}, "model": "item/part/woman2_peasant/head"},
  { "predicate": {"custom_model_data":72}, "model": "item/part/woman2_peasant/l_arm"},
  { "predicate": {"custom_model_data":73}, "model": "item/part/woman2_peasant/r_arm"},
  { "predicate": {"custom_model_data":74}, "model": "item/part/woman2_peasant/body_legs"},
  
 
  { "predicate": {"custom_model_data":99}, "model": "item/part/none"}
 ]
}