{
	"credit": "Made with Blockbench",
	"textures": {
		"0": "item/cape",
		"1": "item/rg"
	},
	"elements": [
		{
			"name": "body",
			"from": [4, -2.5, 0],
			"to": [12, 9.5, 4],
			"rotation": {"angle": 0, "axis": "y", "origin": [8, 0, 0]},
			"faces": {
				"north": {"uv": [8, 5, 10, 8], "texture": "#1"},
				"east": {"uv": [7, 5, 8, 7.98], "texture": "#1"},
				"south": {"uv": [5, 5, 7, 7.98], "texture": "#1"},
				"west": {"uv": [4, 5, 5, 8], "texture": "#1"},
				"up": {"uv": [7, 5, 5, 4], "rotation": 180, "texture": "#1"},
				"down": {"uv": [9, 4, 7, 5], "rotation": 180, "texture": "#1"}
			}
		},
		{
			"name": "right_leg",
			"from": [4, -14.5, 0],
			"to": [8, -2.5, 4],
			"rotation": {"angle": 0, "axis": "y", "origin": [8, 0, 0]},
			"faces": {
				"north": {"uv": [3, 5, 4, 8], "texture": "#1"},
				"east": {"uv": [2, 5, 3, 8], "texture": "#1"},
				"south": {"uv": [1, 5, 2, 8], "texture": "#1"},
				"west": {"uv": [0, 5, 1, 8], "texture": "#1"},
				"up": {"uv": [2, 5, 1, 4], "rotation": 180, "texture": "#1"},
				"down": {"uv": [3, 4, 2, 5], "rotation": 180, "texture": "#1"}
			}
		},
		{
			"name": "left_leg",
			"from": [8, -14.5, 0],
			"to": [12, -2.5, 4],
			"rotation": {"angle": 0, "axis": "y", "origin": [8, 0, 0]},
			"faces": {
				"north": {"uv": [7, 13, 8, 16], "texture": "#1"},
				"east": {"uv": [6, 13, 7, 16], "texture": "#1"},
				"south": {"uv": [5, 13, 6, 16], "texture": "#1"},
				"west": {"uv": [4, 13, 5, 16], "texture": "#1"},
				"up": {"uv": [6, 13, 5, 12], "rotation": 180, "texture": "#1"},
				"down": {"uv": [7, 12, 6, 13], "rotation": 180, "texture": "#1"}
			}
		},
		{
			"name": "body_2nd_layer",
			"from": [4, -2.98, -0.5],
			"to": [12, 10.03, 4.5],
			"rotation": {"angle": 0, "axis": "y", "origin": [8, 0, 0]},
			"faces": {
				"north": {"uv": [8, 9, 10, 12], "texture": "#1"},
				"east": {"uv": [7, 9, 8, 12], "texture": "#1"},
				"south": {"uv": [5, 9, 7, 12], "texture": "#1"},
				"west": {"uv": [4, 9, 5, 12], "texture": "#1"},
				"up": {"uv": [7, 9, 5, 8], "rotation": 180, "texture": "#1"},
				"down": {"uv": [9, 8, 7, 9], "rotation": 180, "texture": "#1"}
			}
		},
		{
			"name": "right_leg_2nd_layer",
			"from": [3.5, -15, -0.5],
			"to": [8.5, -2, 4.5],
			"rotation": {"angle": 0, "axis": "y", "origin": [8, 0, 0]},
			"faces": {
				"north": {"uv": [3, 9, 4, 12], "texture": "#1"},
				"east": {"uv": [2, 9, 3, 12], "texture": "#1"},
				"south": {"uv": [1, 9, 2, 12], "texture": "#1"},
				"west": {"uv": [0, 9, 1, 12], "texture": "#1"},
				"up": {"uv": [2, 9, 1, 8], "rotation": 180, "texture": "#1"},
				"down": {"uv": [3, 8, 2, 9], "rotation": 180, "texture": "#1"}
			}
		},
		{
			"name": "left_leg_2nd_layer",
			"from": [7.5, -15, -0.5],
			"to": [12.5, -2, 4.5],
			"rotation": {"angle": 0, "axis": "y", "origin": [8, 0, 0]},
			"faces": {
				"north": {"uv": [3, 13, 4, 16], "texture": "#1"},
				"east": {"uv": [2, 13, 3, 16], "texture": "#1"},
				"south": {"uv": [1, 13, 2, 16], "texture": "#1"},
				"west": {"uv": [0, 13, 1, 16], "texture": "#1"},
				"up": {"uv": [2, 13, 1, 12], "rotation": 180, "texture": "#1"},
				"down": {"uv": [3, 12, 2, 13], "rotation": 180, "texture": "#1"}
			}
		},
		{
			"name": "cape",
			"from": [2.5, -7.5, -1],
			"to": [13.5, 9.5, 0],
			"rotation": {"angle": 0, "axis": "x", "origin": [7.5, 14, 10.5]},
			"faces": {
				"north": {"uv": [0.5, 0.5, 6, 9], "texture": "#0"},
				"east": {"uv": [0, 0.5, 0.5, 9], "texture": "#0"},
				"south": {"uv": [6.5, 0.5, 12, 9], "texture": "#0"},
				"west": {"uv": [6, 0.5, 6.5, 9], "texture": "#0"},
				"up": {"uv": [6, 0.5, 0.5, 0], "texture": "#0"},
				"down": {"uv": [11.5, 0, 6, 0.5], "texture": "#0"}
			}
		}
	],
	"display": {
		"thirdperson_righthand": {
			"rotation": [90, 0, 0],
			"translation": [-6, -2, -3.5]
		},
		"thirdperson_lefthand": {
			"translation": [6, -5.5, 0]
		},
		"firstperson_righthand": {
			"translation": [-1, -5.5, 0]
		},
		"firstperson_lefthand": {
			"translation": [-1.5, -5, 0]
		},
		"ground": {
			"translation": [0, 4.75, 0]
		},
		"gui": {
			"rotation": [0, -180, 0],
			"translation": [0, -2.75, 0]
		},
		"head": {
			"translation": [0, -32.5, -0.25],
			"scale": [1.5, 1.5, 1.5]
		},
		"fixed": {
			"translation": [0, -3.75, 0]
		}
	},
	"groups": [
		{
			"name": "body_legs",
			"origin": [8, 8, 8],
			"color": 0,
			"children": [
				{
					"name": "steve",
					"origin": [8, 8, 8],
					"color": 0,
					"children": [0, 1, 2, 3, 4, 5]
				}
			]
		},
		{
			"name": "cape",
			"origin": [8, 8, 8],
			"color": 0,
			"children": [6]
		}
	]
}