{
	"credit": "Made with Blockbench",
	"textures": {
		"0": "item/cape"
	},
	"elements": [
		{
			"name": "cape",
			"from": [2.5, 6.5, 10],
			"to": [13.5, 23.5, 11],
			"rotation": {"angle": 0, "axis": "x", "origin": [7.5, 14, 10.5]},
			"faces": {
				"north": {"uv": [0.5, 0.5, 6, 9], "texture": "#0"},
				"east": {"uv": [0, 0.5, 0.5, 9], "texture": "#0"},
				"south": {"uv": [6.5, 0.5, 12, 9], "texture": "#0"},
				"west": {"uv": [6, 0.5, 6.5, 9], "texture": "#0"},
				"up": {"uv": [6, 0.5, 0.5, 0], "texture": "#0"},
				"down": {"uv": [11.5, 0, 6, 0.5], "texture": "#0"}
			}
		}
	],
	"display": {
		"head": {
			"translation": [0, -32.5, -0.25],
			"scale": [1.5, 1.5, 1.5]
		}
	}
}